spot_horizon,put_price_horizon,value_unhedged,value_protected,loss_unhedged,loss_protected
671.7696174265659,77.34126507882341,67176.9617426566,74911.08825053893,9660.037769062154,3279.402434568139
698.2795025653616,53.075154495978104,69827.95025653616,75135.46570613397,7009.049255182588,3055.0249789731024
703.8637463911822,48.4261840330281,70386.37463911822,75228.99304242103,6450.624872600529,2961.4976426860376
707.3192640662172,45.61479122424805,70731.92640662171,75293.40552904652,6105.073105097035,2897.0851560605515
710.5240437927314,43.093473818095106,71052.40437927314,75361.75176108265,5784.595132445611,2828.738924024423
712.3861615398878,41.674699953915535,71238.61615398878,75406.08614938034,5598.3833577299665,2784.4045357267314
714.1067897194445,40.38720307411179,71410.67897194445,75449.39927935562,5426.3205397743,2741.0914057514456
715.4128954346558,39.42491508960224,71541.28954346558,75483.78105242581,5295.70996825317,2706.7096326812607
716.434352042686,38.68140733644717,71643.4352042686,75511.57593791331,5193.564307450157,2678.9147471937613
717.9084945234996,37.62244595501723,71790.84945234995,75553.09404785167,5046.150059368796,2637.3966372553987
718.7559817730407,37.02117634449373,71875.59817730407,75577.71581175344,4961.401334414681,2612.774873353628
719.7364938200064,36.33240070573698,71973.64938200064,75606.88945257434,4863.3501297181065,2583.601232532732
720.7354122029898,35.638103152757445,72073.54122029898,75637.35153557472,4763.458291419767,2553.139149532348
721.4093570267142,35.17301056330298,72140.93570267143,75658.23675900172,4696.063809047322,2532.253926105346
722.3056090690466,34.55857859387174,72230.56090690466,75686.41876629184,4606.438604814088,2504.071918815229
723.0042529466173,34.08307448457214,72300.42529466172,75708.73274311893,4536.57421705703,2481.7579419881367
723.6394364617341,33.65356113922951,72363.94364617341,75729.29976009637,4473.055865545335,2461.1909250106983
724.3535798214305,33.174017103135455,72435.35798214305,75752.75969245659,4401.641529575703,2437.730992650482
725.0357629015988,32.719433140961264,72503.57629015988,75775.519604256,4333.423221558871,2414.9710808510717
725.6245088971093,32.32999551813982,72562.45088971093,75795.45044152491,4274.548622007816,2395.0402435821597
726.3037741743265,31.88415287757773,72630.37741743264,75818.79270519041,4206.622094286111,2371.6979799166584
726.8887669438244,31.503291270997828,72688.87669438244,75839.20582148223,4148.122817336305,2351.284863624838
727.3605645972888,31.19829692159672,72736.05645972888,75855.88615188855,4100.943051989874,2334.6045332185167
727.8438183785688,30.88797091130088,72784.38183785688,75873.17892898698,4052.617673861867,2317.3117561200925
728.3131717641144,30.588638203788012,72831.31717641144,75890.18099679024,4005.6823353073123,2300.3096883168328
728.8490565615684,30.2494377668106,72884.90565615684,75909.8494328379,3952.093855561907,2280.641252269168
729.3698633100043,29.92247581057174,72936.98633100043,75929.2339120576,3900.0131807183207,2261.256773049463
729.8483666417641,29.62447956958581,72984.8366641764,75947.28462113498,3852.1628475423495,2243.2060639720876
730.2705621451883,29.363313423143072,73027.05621451883,75963.38755683314,3809.9432971999195,2227.1031282739277
730.721283031264,29.085821795329984,73072.1283031264,75980.7104826594,3764.871208592347,2209.7802024476696
731.204687497192,28.78973440775975,73120.4687497192,75999.44219049517,3716.5307619995438,2191.048494611896
731.6709500503439,28.505680306420473,73167.09500503438,76017.66303567644,3669.9045066843682,2172.8276494306338
731.9847986478868,28.31534567871957,73198.47986478868,76030.01443266064,3638.5196469300718,2160.4762524464313
732.4177766142408,28.05393266497655,73241.77766142407,76047.17092792173,3595.221850294678,2143.319757185338
732.8390455935618,27.800914135057397,73283.90455935618,76063.99597286191,3553.094952362575,2126.494712245156
733.2277147350374,27.56865800235667,73322.77147350373,76079.6372737394,3514.22803821502,2110.8534113676724
733.611434623564,27.340493985810348,73361.1434623564,76095.19286093743,3475.8560493623518,2095.29782416964
733.9308517143165,27.151439589366525,73393.08517143165,76108.2291303683,3443.9143402870977,2082.2615547387686
734.2776416216402,26.947098041200398,73427.76416216402,76122.47396628406,3409.2353495547286,2068.0167188230116
734.6290833245276,26.74100131513121,73462.90833245276,76137.00846396587,3374.09117926599,2053.4822211411956
734.9882139828328,26.531436909306958,73498.82139828328,76151.96508921398,3338.178113435468,2038.5255958930939
735.2795133520792,26.362238823381865,73527.95133520792,76164.17521754612,3309.048176510827,2026.3154675609549
735.5808647882994,26.187951819452987,73558.08647882994,76176.88166077524,3278.913032888813,2013.6090243318322
735.9058320876904,26.000872135283043,73590.58320876905,76190.67042229735,3246.4163029496995,1999.8202628097206
736.1844933419433,25.841174746393246,73618.44933419433,76202.56680883365,3218.5501775244193,1987.9238762734167
736.4559732626426,25.686243984698883,73645.59732626427,76214.22172473415,3191.4021854544844,1976.2689603729232
736.7855989222365,25.49900427647461,73678.55989222365,76228.46031987111,3158.439619495097,1962.030365235958
737.0427203867163,25.353623059143096,73704.27203867162,76239.63434458594,3132.7274730471254,1950.8563405211316
737.3425988887312,25.184820653689016,73734.25988887313,76252.74195424202,3102.73962284562,1937.7487308650452
737.6145270162335,25.032461607481515,73761.45270162335,76264.6988623715,3075.546810095402,1925.7918227355694
737.9321789213409,24.855349078487244,73793.2178921341,76278.75279998282,3043.7816195846535,1911.7378851242538
738.2522818121354,24.677824163215597,73825.22818121353,76293.01059753509,3011.7713305052166,1897.4800875719811
738.5585157763127,24.508898140817397,73855.85157763127,76306.741391713,2981.1479340874794,1883.7492933940666
738.814938248581,24.36813949355721,73881.4938248581,76318.30777421383,2955.505686860648,1872.1829108932434
739.0614753285795,24.23340642064951,73906.14753285795,76329.48817492291,2930.8519788607955,1861.0025101841602
739.3770612504022,24.06180388758163,73937.70612504022,76343.88651379838,2899.2933866785315,1846.6041713086888
739.6365888653754,23.921409915720137,73963.65888653754,76355.79987810955,2873.340625181212,1834.690806997518
739.8983426644712,23.780337569685745,73989.83426644713,76367.86802341571,2847.1652452716226,1822.6226616913627
740.1801954051853,23.628974219403357,74018.01954051852,76380.91696245885,2818.9799712002277,1809.573722648216
740.4042618322984,23.509047049340634,74040.42618322984,76391.3308881639,2796.573328488914,1799.159796943175
740.6512895303368,23.37724693975674,74065.12895303368,76402.85364700935,2771.87055868507,1787.6370380977169
740.9034960400271,23.243137298127344,74090.34960400271,76414.66333381545,2746.6499077160406,1775.8273512916203
741.1370468043548,23.119359033571723,74113.70468043548,76425.64058379264,2723.294831283274,1764.8501013144269
741.3463285385741,23.008780937178532,74134.6328538574,76435.51094757525,2702.3666578613484,1754.9797375318158
741.5934777211273,22.878608608227392,74159.34777211273,76447.20863293546,2677.6517396060226,1743.2820521716058
741.8680094506805,22.734542579755406,74186.80094506804,76460.25520304358,2650.19856665071,1730.2354820634937
742.1396203971015,22.59256038858784,74213.96203971014,76473.21807856893,2623.037472008611,1717.272606538143
742.3399056589733,22.488216374818343,74233.99056589733,76482.81220337916,2603.0089458214206,1707.6784817279113
742.5427604155453,22.38284112799137,74254.27604155453,76492.56015435368,2582.7234701642155,1697.9305307533941
742.8056596464764,22.246737895151412,74280.56596464764,76505.23975416279,2556.4335470711085,1685.250930944283
743.0689040235774,22.110982606672007,74306.89040235773,76517.98866302494,2530.1091093610157,1672.5020220821316
743.3194849738435,21.982250505238085,74331.94849738435,76530.17354790815,2505.0510143344,1660.3171371989156
743.4989062611992,21.89037244035591,74349.89062611992,76538.9278701555,2487.1088855988346,1651.5628149515687
743.7461389549386,21.764177582037885,74374.61389549387,76551.03165369766,2462.385616224885,1639.4590314094094
743.9540048470486,21.65844452901837,74395.40048470486,76561.2449376067,2441.5990270138864,1629.2457475003757
744.1753108514772,21.546246317941478,74417.53108514773,76572.15571694187,2419.468426571024,1618.3349681652035
744.405594703457,21.42990515094015,74440.5594703457,76583.54998543972,2396.4400413730473,1606.9406996673497
744.6705517995588,21.296565334643795,74467.05517995587,76596.71171342026,2369.9443317628757,1593.7789716868137
744.8998457222489,21.18162341821269,74489.98457222489,76608.14691404616,2347.0149394938635,1582.3437710609142
745.1364699254347,21.063447565476537,74513.64699254346,76619.99174909112,2323.352519175285,1570.4989360159525
745.3598510967372,20.952298487657064,74535.98510967373,76631.21495843944,2301.0144020450243,1559.2757266676344
745.5670640933985,20.84955465673903,74556.70640933985,76641.66187501376,2280.2931023788988,1548.8288100933132
745.7924733702957,20.738184262902756,74579.24733702958,76653.06576331986,2257.7521746891725,1537.424921787213
745.9614410551183,20.6549722953483,74596.14410551182,76661.64133504665,2240.8554062069306,1528.8493500604236
746.1836528037013,20.545895184238447,74618.36528037013,76672.95479879397,2218.634231348624,1517.5358863130969
746.3668380988036,20.456280543974074,74636.68380988036,76682.31186427777,2200.3157018383936,1508.1788208293
746.54689605837,20.36846609208077,74654.68960583699,76691.53621504507,2182.3099058817606,1498.9544700620027
746.7413530268947,20.27393144663367,74674.13530268946,76701.52844735283,2162.864209029285,1488.96223775424
746.9661926303357,20.165019346620593,74696.61926303357,76713.12119769563,2140.3802486851782,1477.3694874114444
747.1905485832451,20.056763616804695,74719.05485832451,76724.73122000498,2117.944653394239,1465.7594651020918
747.4006900478137,19.955750903657776,74740.06900478137,76735.64409514714,2096.9305069373804,1454.846589959925
747.597241828722,19.86160858655324,74759.72418287219,76745.88504152751,2077.275328846561,1444.6056435795617
747.7798761909918,19.77442636145482,74777.98761909918,76755.43025524466,2059.011892619572,1435.0604298624094
747.9767568894317,19.680762131802084,74797.67568894317,76765.75190212337,2039.3238227755792,1424.7387829836953
748.1459709916073,19.600525249353176,74814.59709916073,76774.64962409606,2022.402412558018,1415.841061011015
748.3663951639152,19.496375146125878,74836.63951639151,76786.27703100411,2000.359995327235,1404.2136541029613
748.5540110422796,19.40805741406465,74855.40110422796,76796.20684563443,1981.5984074907901,1394.2838394726423
748.7338126024849,19.323704573115858,74873.3812602485,76805.75171756008,1963.6182514702523,1384.7389675469894
748.9269764524754,19.233396475005435,74892.69764524754,76816.03729274808,1944.3018664712145,1374.4533923589916
749.1977503979682,19.1073514285435,74919.77503979682,76830.51018265117,1917.2244719219307,1359.9805024559028
749.3784710277093,19.02352154767219,74937.84710277093,76840.19925753814,1899.152408947819,1350.2914275689254
749.5329149326528,18.95203705635424,74953.29149326528,76848.4951989007,1883.7080184534716,1341.995486206375
749.6930383571986,18.878077454791907,74969.30383571985,76857.11158119905,1867.695675998897,1333.3791039080243
749.8654134868224,18.798635229935265,74986.54134868224,76866.40487167577,1850.4581630365137,1324.085813431302
750.0381706499589,18.71920197795463,75003.81706499589,76875.73726279136,1833.182446722858,1314.7534223157127
750.2564794497879,18.619091723189346,75025.64794497879,76887.55711729772,1811.3515667399624,1302.9335678093485
750.4158779100538,18.546186501674438,75041.58779100538,76896.20644117282,1795.4117207133677,1294.2842439342494
750.5752299318206,18.473464616737317,75057.52299318205,76904.86945485578,1779.4765185366996,1285.6212302512868
750.7452270156365,18.39606488239956,75074.52270156365,76914.1291898036,1762.4768101551017,1276.3614953034703
750.9187065715954,18.317272877355514,75091.87065715954,76923.5979448951,1745.1288545592106,1266.8927402119734
751.1116454029835,18.229874099345498,75111.16454029836,76934.1519502329,1725.8349714203941,1256.3387348741671
751.2601805523967,18.162756989052244,75126.01805523968,76942.2937541449,1710.9814564790722,1248.1969309621636
751.449185034329,18.07756572932554,75144.9185034329,76952.67507636546,1692.0810082858516,1237.8156087416137
751.635980122977,17.993605914494115,75163.5980122977,76962.95860374712,1673.4014994210447,1227.5320813599537
751.823742763942,17.909449345353895,75182.3742763942,76973.31921092959,1654.6252353245509,1217.1714741774776
751.9683212867924,17.8448122359833,75196.83212867923,76981.31335227756,1640.1673830395157,1209.1773328295094
752.1204114568299,17.77697206522457,75212.04114568299,76989.73835220544,1624.9583660357603,1200.7523329016258
752.2763473224901,17.707582876179668,75227.634732249,76998.39301986697,1609.3647794697463,1192.0976652401005
752.4598559687703,17.626141579478098,75245.98559687703,77008.59975482484,1591.013914841722,1181.8909302822285
752.6290067697878,17.55128209214104,75262.90067697878,77018.02888619289,1574.0988347399689,1172.4617989141843
752.7704269700436,17.488850692449493,75277.04269700436,77025.92776624931,1559.9568147143873,1164.5629188577586
752.9324157055361,17.41751447504137,75293.24157055361,77034.99301805775,1543.7579411651386,1155.4976670493197
753.093538570008,17.346746618033105,75309.35385700081,77044.02851880412,1527.6456547179405,1146.4621663029538
753.2730213526548,17.268136058481367,75327.30213526549,77054.11574111362,1509.6973764532595,1136.3749439934472
753.4558156862988,17.18831663962264,75345.58156862989,77064.41323259215,1491.4179430888616,1126.0774525149172
753.6507540149946,17.10346516064566,75365.07540149946,77075.42191756403,1471.92411021929,1115.0687675430381
753.831718889456,17.02494811746404,75383.17188894561,77085.66670069202,1453.8276227731403,1104.823984415052
753.9867301135586,16.957886370775046,75398.67301135586,77094.46164843337,1438.3265003628912,1096.0290366737026
754.1367551543901,16.893153886847998,75413.67551543901,77102.99090412381,1423.323996279738,1087.4997809832566
754.2912908883095,16.826653302757876,75429.12908883094,77111.79441910674,1407.870422887805,1078.6962660003337
754.440560107889,16.76259179148588,75444.0560107889,77120.3151899375,1392.9435009298468,1070.1754951695766
754.6092933633018,16.69038270953372,75460.92933633018,77129.96760728356,1376.070175388566,1060.5230778235127
754.784636839718,16.615577735242123,75478.4636839718,77140.02145749601,1358.5358277469495,1050.4692276110582
754.9520257188516,16.54438941281592,75495.20257188517,77149.64151316676,1341.7969398335845,1040.84917194031
755.100190216943,16.48155997985646,75510.0190216943,77158.17501967994,1326.980490024449,1032.3156654271297
755.2764593532947,16.40703806936924,75527.64593532948,77168.34974226641,1309.3535763892723,1022.1409428406623
755.4312839033057,16.341785662572963,75543.12839033057,77177.30695658787,1293.871121388176,1013.1837285192014
755.5833071262391,16.277900108249707,75558.33071262391,77186.12072344888,1278.6687990948412,1004.3699616581871
755.7405005635264,16.212037069741665,75574.05005635264,77195.25376332681,1262.9494553661061,995.2369217802625
755.904825368341,16.143399564286533,75590.4825368341,77204.82249326275,1246.5169748846529,985.668191844321
756.0504594492847,16.08275262530722,75605.04594492847,77213.32120745919,1231.953566790282,977.1694776478835
756.1970282969223,16.021891614645558,75619.70282969224,77221.8919911568,1217.2966820265137,968.5986939502764
756.3532173449405,15.957230495443282,75635.32173449405,77231.04478403837,1201.6777772247005,959.4459010686987
756.5083145634858,15.893221211963091,75650.83145634858,77240.15357754489,1186.1680553701735,950.3371075621835
756.6449730445433,15.836987647412071,75664.49730445433,77248.19606919553,1172.5022072644206,942.2946159115381
756.7770577892879,15.782784694310724,75677.7057789288,77255.98424835986,1159.2937327899563,934.5064367472078
756.9292148474537,15.720526747932382,75692.92148474537,77264.9741595386,1144.0780269733805,925.5165255684697
757.0924228975731,15.653964875555738,75709.24228975731,77274.63877731288,1127.7572219614376,915.8519077941892
757.26132393618,15.585320012586115,75726.132393618,77284.66439487661,1110.8671181007521,905.8262902304559
757.4231617197686,15.51977508449455,75742.31617197685,77294.29368042632,1094.683339741896,896.1970046807546
757.5468563643393,15.469830419795285,75754.68563643393,77301.66867841347,1082.3138752848172,888.8220066936046
757.7024785544013,15.407182515667088,75770.24785544013,77310.96610700684,1066.7516562786186,879.5245781002304
757.8182982396849,15.360694497531359,75781.82982396848,77317.89927372162,1055.169687750269,872.5914113854524
757.9551921526873,15.305898966205884,75795.51921526874,77326.10911188932,1041.4802964500122,864.3815732177463
758.156764969147,15.225514001605456,75815.6764969147,77338.22789707525,1021.3230148040457,852.2627880318178
758.2992623664647,15.16890453908517,75829.92623664647,77346.81669055499,1007.0732750722818,843.6739945520821
758.4259207749233,15.118739041008238,75842.59207749233,77354.46598159315,994.4074342264212,836.0247035139182
758.5859136876514,15.055575849290236,75858.59136876515,77364.14895369417,978.4081429536018,826.3417314129038
758.7245217813522,15.00104112516835,75872.45217813522,77372.55629065206,964.5473335835268,817.9343944550055
758.874304570325,14.942283806490023,75887.43045703249,77381.65883768149,949.5690546862606,808.8318474255793
759.0298889595147,14.881385016036743,75902.98889595146,77391.12739755514,934.0106157672853,799.3632875519252
759.1742485087888,14.825000763121581,75917.42485087887,77399.92492719104,919.5746608398767,790.5657579160325
759.3097599351812,14.77217938721299,75930.97599351812,77408.19393223942,906.023518200629,782.2967528676527
759.4541671994072,14.716005569449273,75945.41671994071,77417.01727688564,891.5827917780407,773.4734082214272
759.6125311924357,14.6545404999572,75961.25311924357,77426.7071692393,875.7463924751792,763.7835158677772
759.7528899759554,14.6001854399297,75975.28899759555,77435.30754158851,861.7105141232023,755.1831435185595
759.8893387873935,14.547455253708646,75988.93387873935,77443.67940411021,848.0656329794001,746.8112809968588
760.0311682034597,14.492762485478893,76003.11682034597,77452.39306889386,833.8826913727826,738.0976162132138
760.2063388888045,14.42537837892917,76020.63388888045,77463.17172677336,816.3656228383043,727.318958333708
760.3442874433375,14.372443018181055,76034.42874433375,77471.67304615186,802.5707673849975,718.81763895521
760.4838390063484,14.319010425048024,76048.38390063484,77480.28494313965,788.6156110839074,710.2057419674238
760.6188425958948,14.26743301067813,76061.88425958948,77488.62756065729,775.1152521292679,701.863124449781
760.7700735691627,14.209790102014285,76077.00735691628,77497.9863671177,759.9921548024722,692.5043179893692
760.9200172288439,14.152779008020289,76092.0017228844,77507.27962368642,744.9977888343565,683.2110614206467
761.0498256013148,14.103538183798792,76104.98256013148,77515.33637851136,732.0169515872694,675.1543065957085
761.1812841324438,14.053780585937595,76118.12841324438,77523.50647183815,718.8710984743666,666.9842132689228
761.3216682242679,14.000766924554565,76132.16682242679,77532.24351488226,704.8326892919576,658.2471702248149
761.4681705779778,13.945578616292961,76146.81705779779,77541.37491942708,690.1824539209629,649.1157656799915
761.6033600681588,13.894776008399468,76160.33600681588,77549.81360765583,676.66350490287,640.6770774512406
761.7718380317796,13.831632145806298,76177.18380317796,77560.3470177586,659.8157085407875,630.1436673484714
761.9151294106243,13.778076071427831,76191.51294106244,77569.32054820521,645.4865706563141,621.1701369018556
762.0743329173763,13.718733839789063,76207.43329173763,77579.30667571654,629.5662199811195,611.1840093905339
762.2128700441825,13.667234032388418,76221.28700441825,77588.01040765709,615.7125073005009,602.480277449984
762.3426847257607,13.619095170365103,76234.26847257608,77596.17798961258,602.7310391426727,594.3126954944892
762.454487431886,13.577728160558419,76245.44874318861,77603.22155924446,591.5507685301418,587.2691258626146
762.6019031172345,13.523316162830113,76260.19031172345,77612.52192800646,576.8091999953031,577.968757100607
762.7459233769839,13.470303301010931,76274.59233769838,77621.62266779947,562.4071740203653,568.8680173075991
762.8695550856436,13.424911194270212,76286.95550856435,77629.44662799138,550.0440031543985,561.0440571156942
763.0025575052822,13.376198968213176,76300.25575052822,77637.87564734953,536.7437611905334,552.6150377575395
763.1465995575736,13.323585241938776,76314.65995575736,77647.01847995124,522.3395559613855,543.4722051558347
763.2697276933898,13.278728374310486,76326.97276933897,77654.84560677002,510.0267423797777,535.6450783370528
763.4154913583542,13.225766420953152,76341.54913583542,77664.12577793073,495.4503758833307,526.3649071763357
763.5487770040745,13.177473259531286,76354.87770040745,77672.62502636058,482.1218113112991,517.8656587464939
763.6885300112323,13.126976322068101,76368.85300112322,77681.55063333003,468.1465105955285,508.94005177704094
763.8301168287147,13.0759634864173,76383.01168287147,77690.6080315132,453.9878288472828,499.8826535938715
763.9617132949975,13.028683463220235,76396.17132949975,77699.03967582177,440.8281822190038,491.45100928530155
764.1234051948612,12.970767962866368,76412.34051948613,77709.41731577276,424.65899223262386,481.07336933430634
764.2542929849768,12.92403015657489,76425.42929849768,77717.83231415517,411.57021322107175,472.65837095190363
764.364620589552,12.884734898043009,76436.4620589552,77724.9355487595,400.5374527635431,465.5551363475679
764.5060023930818,12.834514832615756,76450.60023930817,77734.05172256975,386.3992724105774,456.4389625373151
764.6314868664753,12.790070167695152,76463.14868664753,77742.15570341704,373.8508250712184,448.33498169002996
764.7411822020434,12.751317405933916,76474.11822020434,77749.24996079774,362.8812915144081,441.240724309333
764.8688977906419,12.706316318470732,76486.8897790642,77757.52141091127,350.10973265455686,432.9692741957988
765.0104968597174,12.656572412296901,76501.04968597174,77766.70692720143,335.94982574701135,423.78375790563587
765.1537053953958,12.606423618061916,76515.37053953958,77776.01290134578,321.62897217916907,414.4777837612928
765.2910102086001,12.558494807070119,76529.10102086002,77784.95050156703,307.89849085872993,405.54018354004074
765.4214001455407,12.513118983590443,76542.14001455407,77793.45191291311,294.85949716468167,397.03877219396236
765.5531565196835,12.467406280888811,76555.31565196835,77802.05628005724,281.68385975039564,388.434405049833
765.6842941266028,12.422047506564816,76568.42941266028,77810.63416331676,268.5700990584737,379.85652179030876
765.7992851327401,12.38238862600662,76579.92851327402,77818.16737587468,257.07099844473123,372.3233092323935
765.9261840121131,12.338748325860315,76592.61840121131,77826.49323379734,244.38111050744192,363.9974513097259
766.0625294413398,12.292006924804905,76606.25294413399,77835.45363661447,230.7465675847634,355.0370484925952
766.1948370163115,12.246796783105355,76619.48370163115,77844.16337994169,217.51581008759968,346.3273051653814
766.3103158243101,12.207456164292683,76631.03158243101,77851.77719886028,205.96792928774084,338.71348624679376
766.4439989811516,12.162053191457062,76644.39989811515,77860.60521726086,192.5996136035974,329.8854678462085
766.5774116517697,12.116892075761024,76657.74116517697,77869.43037275306,179.2583465417847,321.0603123540059
766.7005216220649,12.07535220978746,76670.05216220648,77877.58738318524,166.94734951226565,312.9033019218332
766.84005552463,12.028426660448863,76684.005552463,77886.84821850789,152.99395925574936,303.6424665991799
766.9894944861271,11.978355083782217,76698.94944861271,77896.78495699093,138.05006310604222,293.70572811613965
767.1205038294737,11.934617042049592,76712.05038294737,77905.51208715234,124.9491287713754,284.9785979547305
767.2436977620623,11.893624058121555,76724.36977620624,77913.73218201839,112.62973551251343,276.75850308868394
767.3561384903466,11.856324772962665,76735.61384903465,77921.24632633092,101.38566268410068,269.2443587761518
767.5026002883291,11.80790618334508,76750.26002883291,77931.05064716742,86.73948288583779,259.44003793965385
767.6668661798219,11.753826990737812,76766.6866179822,77942.06931705598,70.31289373655454,248.42136805108748
767.794608936483,11.711937489022956,76779.4608936483,77950.6546425506,57.538618070451776,239.83604255647515
767.9336557072171,11.666506909508556,76793.36557072171,77960.01626167257,43.633940997038735,230.47442343449802
768.0711873731148,11.62174228963344,76807.11873731148,77969.29296627482,29.8807744072692,221.19771883224894
768.1869299923426,11.584202159791191,76818.69299923426,77977.11321521338,18.30651248448703,213.37746989369043
768.3314326550998,11.537504836468953,76833.14326550998,77986.89374915688,3.8562462087720633,203.59693595019053
768.4758338967375,11.491013013623975,76847.58338967375,77996.68469103615,-10.583877954995842,193.80599407092086
768.5986381695254,11.451574707148271,76859.86381695254,78005.02128766736,-22.86430523378658,185.4693974397087
768.724925032177,11.411112290395563,76872.4925032177,78013.60373225725,-35.49299149894796,176.88695284981804
768.8605488371713,11.36776513117183,76886.05488371714,78022.83139683431,-49.05537199838727,167.65928827275638
768.9774154256946,11.330502025229395,76897.74154256946,78030.7917450924,-60.74203085071349,159.69894001467037
769.1201173015282,11.285113358522034,76912.01173015282,78040.52306600503,-75.01221843407257,149.96761910204077
769.2443590005479,11.245696890466082,76924.43590005478,78049.00558910139,-87.43638833603472,141.48509600567922
769.3782186627591,11.203334223575569,76937.8218662759,78058.15528863345,-100.82235455715272,132.33539647361613
769.5228659134306,11.157680600835677,76952.28659134306,78068.05465142663,-115.28707962430781,122.43603368043841
769.6613759466497,11.11408414070654,76966.13759466498,78077.54600873563,-129.13808294622868,112.9446763714368
769.8103855627195,11.067314567623795,76981.03855627195,78087.77001303433,-144.0390445531957,102.72067207274085
769.9752311616277,11.015734108283409,76997.52311616277,78099.09652699111,-160.5236044440244,91.39415811595973
770.1115900713029,10.973194269683773,77011.15900713029,78108.47843409867,-174.1594954115426,82.01225100840384
770.2679678562372,10.924551290313753,77026.79678562372,78119.25191465509,-189.79727390497283,71.23877045197878
770.3818943679619,10.889209144928389,77038.1894367962,78127.11035128903,-201.18992507744406,63.380333818044164
770.5191978818439,10.846722779620412,77051.91978818439,78136.59206614643,-214.92027646563656,53.89861896063667
770.6909139720327,10.793754298669825,77069.09139720327,78148.46682707025,-232.0918854845222,42.02385803681682
770.8465736625487,10.745898924972272,77084.65736625488,78159.2472587521,-247.65785453612625,31.243426354965777
770.9767818638522,10.705985712834252,77097.67818638522,78168.27675766865,-260.67867466647294,22.213927438424435
771.1122502374106,10.664574009904925,77111.22502374106,78177.68242473155,-274.2255120223126,12.80826037551742
771.2280019914091,10.629281845959287,77122.80019914091,78185.72838373684,-285.800687422161,4.762301370225032
771.352019077299,10.59156427699593,77135.2019077299,78194.3583354295,-298.20239601115463,-3.8676503224269254
771.4782781225348,10.553265717423857,77147.82781225348,78203.15438399588,-310.828300534733,-12.663698888805811
771.5956302133753,10.51776042845787,77159.56302133753,78211.33906418331,-322.56350961877615,-20.848379076240235
771.7275726613063,10.47794633635125,77172.75726613063,78220.55189976576,-335.75775441188307,-30.061214658693643
771.8586944576617,10.438490884960212,77185.86944576618,78229.7185342622,-348.8699340474268,-39.22784915512602
772.0196434837595,10.390211964009506,77201.96434837596,78240.98554477691,-364.96483665720734,-50.49485966983775
772.185445430833,10.340652809355332,77218.5445430833,78252.60982401884,-381.54503136455605,-62.119138911773916
772.3227566941816,10.299744940520766,77232.27566941816,78262.25016347023,-395.27615769940894,-71.75947836316482
772.43757466296,10.265632650019207,77243.757466296,78270.32073129792,-406.757954577246,-79.83004619085114
772.5947713294538,10.219069482896764,77259.47713294538,78281.38408123505,-422.4776212266297,-90.89339612798358
772.7344001556295,10.177845969554232,77273.44001556296,78291.22461251837,-436.4405038442055,-100.73392741130374
772.8980832185837,10.129684087179129,77289.80832185836,78302.77673057628,-452.80881013961334,-112.2860454692127
773.04737737845,10.085910179378473,77304.737737845,78313.32875578284,-467.7382261262537,-122.83807067577436
773.1842822023787,10.045898617302976,77318.42822023787,78323.01808196817,-481.4287085191172,-132.5273968611
773.3300040903274,10.003446964701498,77333.00040903274,78333.34510550289,-496.000897313992,-142.8544203958154
773.4665888805741,9.96378555547201,77346.65888805741,78343.03744360461,-509.6593763386627,-152.5467584975413
773.5899539110975,9.928070007762066,77358.99539110975,78351.80239188595,-521.9958793910046,-161.3117067788844
773.7352373668855,9.886139571312457,77373.52373668854,78362.1376938198,-536.5242249697912,-171.64700871272362
773.8530834035174,9.852232032798536,77385.30834035174,78370.53154363159,-548.3088286329876,-180.0408585245168
773.9869377152033,9.813831948077747,77398.69377152034,78380.07696632811,-561.6942598015885,-189.58628122103983
774.1149963185502,9.777207798323477,77411.49963185503,78389.22041168738,-574.5001201362757,-198.7297265803063
774.2399002576509,9.741592852472445,77423.99002576509,78398.14931101233,-586.9905140463379,-207.65862590525649
774.3897302177865,9.699010302545242,77438.97302177864,78408.87405203316,-601.9735100598919,-218.383366926093
774.529271677117,9.659489303508641,77452.92716771169,78418.87609806255,-615.9276559929422,-228.38541295548202
774.6479827863135,9.625972573669065,77464.79827863135,78427.39553599826,-627.7987669126014,-236.90485089119466
774.7851543922769,9.587363915245568,77478.51543922769,78437.25183075224,-641.5159275089391,-246.76114564517047
774.9256200549486,9.547961997378183,77492.56200549485,78447.35820523267,-655.5624937761022,-256.86752012559737
775.0546370014338,9.511891250405066,77505.46370014337,78456.65282518388,-668.464188424623,-266.1621400768054
775.2195168592112,9.465961223581479,77521.95168592113,78468.54780827928,-684.952174202379,-278.0571231722133
775.3703968620764,9.424096094360394,77537.03968620764,78479.44929564369,-700.040174488895,-288.9586105366179
775.4868421278912,9.391893803731262,77548.68421278913,78487.87359316225,-711.6847010703787,-297.38290805518045
775.6058872730149,9.35907016320921,77560.5887273015,78496.49574362242,-723.589215582746,-306.00505851535127
775.7385834541436,9.32259922647483,77573.85834541437,78506.11826806185,-736.8588336956163,-315.62758295478125
775.8893558230673,9.281309749895952,77588.93558230673,78517.06655729632,-751.9360705879808,-326.5758721892489
776.0306039311089,9.242773326907795,77603.06039311089,78527.33772580167,-766.0608813921426,-336.84704069459985
776.1572135101937,9.208350093982334,77615.72135101937,78536.5563604176,-778.7218393006187,-346.0656753105286
776.2938361610693,9.171331407601716,77629.38361610693,78546.5167568671,-792.3841043881839,-356.0260717600322
776.4263720343882,9.135546312615578,77642.63720343882,78556.19183470038,-805.6376917200687,-365.70114959331113
776.5450749524567,9.10360197924191,77654.50749524568,78564.86769316987,-817.507983526928,-374.3770080628019
776.6775363075595,9.068073441280761,77667.75363075595,78574.56097488402,-830.7541190371994,-384.07028977695154
776.8150843701775,9.031313010892115,77681.50843701775,78584.63973810695,-844.5089252990001,-394.1490529998846
776.9448190580475,8.996764739348839,77694.48190580476,78594.15837973965,-857.4823940860078,-403.66769463257515
777.0661137750067,8.964573182543926,77706.61137750067,78603.06869575506,-869.611865781917,-412.57801064799423
777.1936204734066,8.930846977783444,77719.36204734066,78612.44674511901,-882.3625356219127,-421.9560600119439
777.3273803909829,8.895592668584017,77732.73803909829,78622.29730595669,-895.7385273795371,-431.8066208496166
777.460406576639,8.860659932951267,77746.0406576639,78632.10665095903,-909.041145945157,-441.61596585196094
777.5995591580348,8.824255565715022,77759.95591580348,78642.38147237498,-922.9564040847326,-451.89078726791195
777.7459170476756,8.786117924797226,77774.59170476756,78653.20349724729,-937.5921930488112,-462.7128121402202
777.8903424362206,8.748636777324178,77789.03424362207,78663.89792135448,-952.0347319033172,-473.40723624741076
778.0187687647852,8.715433599123884,77801.87687647852,78673.42023639091,-964.87736475977,-482.92955128384347
778.130353006995,8.686661214844806,77813.0353006995,78681.70142218398,-976.0357889807492,-491.2107370769081
778.2589933251584,8.653571804418794,77825.89933251584,78691.25651295771,-988.8998207970872,-500.7658278506424
778.4040205632036,8.616371430955144,77840.40205632037,78702.03919941589,-1003.4025446016167,-511.54851430881536
778.5144959900142,8.588108016517037,77851.44959900143,78710.26040065313,-1014.4500872826757,-519.7697155460628
778.647991651938,8.554041018304181,77864.7991651938,78720.20326702422,-1027.7996534750564,-529.7125819171488
778.8128441701181,8.512101806789445,77881.2844170118,78732.49459769075,-1044.2849052930542,-542.0039125836774
778.9467887197577,8.478131560282458,77894.67887197578,78742.49202800402,-1057.679360257025,-552.0013428969542
779.0923042356512,8.441334522892172,77909.23042356512,78753.36387585434,-1072.2309118463745,-562.8731907472684
779.233695387593,8.405688151010843,77923.3695387593,78763.93835386039,-1086.3700270405534,-573.447668753317
779.3715156537786,8.37104443374628,77937.15156537786,78774.25600875249,-1100.1520536591124,-583.7653236454207
779.5191175001933,8.334054258233259,77951.91175001932,78785.31717584265,-1114.9122383005742,-594.826490735577
779.6454959286915,8.302475336690328,77964.54959286915,78794.79712653818,-1127.5500811504025,-604.3064414311084
779.7922681750013,8.265907806295047,77979.22681750012,78805.81759812962,-1142.2273057813727,-615.3269130225526
779.9292691538863,8.231879002692175,77992.92691538863,78816.11481565784,-1155.927403669877,-625.624130550772
780.0543834420115,8.200890781421396,78005.43834420115,78825.52742234328,-1168.4388324823958,-635.0367372362089
780.2019146237824,8.164458653821036,78020.19146237824,78836.63732776034,-1183.1919506594859,-646.1466426532716
780.3522007043741,8.12746695795918,78035.22007043741,78847.96676623332,-1198.2205587186618,-657.4760811262531
780.46839487619,8.09895039872831,78046.839487619,78856.73452749183,-1209.8399759002496,-666.2438423847634
780.6003416032015,8.066656483371426,78060.03416032015,78866.6998086573,-1223.0346486014023,-676.2091235502303
780.7415722073295,8.032195006601695,78074.15722073294,78877.37672139311,-1237.1577090141946,-686.8860362860432
780.9044809045131,7.992578575786724,78090.4480904513,78889.70594802998,-1253.4485787325539,-699.2152629229095
781.0514288662683,7.956967539482018,78105.14288662684,78900.83964057504,-1268.1433749080898,-710.3489554679691
781.2301005602003,7.913827488157997,78123.01005602002,78914.39280483582,-1286.0105443012726,-723.9021197287511
781.3662147824682,7.8810801158248465,78136.62147824682,78924.7294898293,-1299.621966528066,-734.2388047222339
781.5144048334597,7.8455429709729705,78151.44048334597,78935.99478044327,-1314.4409716272203,-745.504095336204
781.6583526209828,7.811138687114613,78165.83526209828,78946.94913080973,-1328.8357503795269,-756.4584457026649
781.794563866093,7.77868852516738,78179.4563866093,78957.32523912603,-1342.456874890544,-766.8345540189621
781.9274915111139,7.747119298002899,78192.74915111139,78967.46108091169,-1355.7496393926413,-776.9703958046157
782.0813061128653,7.710711466347547,78208.13061128653,78979.20175792128,-1371.1310995677777,-788.7110728142143
782.2363404010326,7.674147516809252,78223.63404010326,78991.0487917842,-1386.6345283845149,-800.5581066771265
782.3747988008845,7.6416056441621,78237.47988008845,79001.64044450465,-1400.4803683696955,-811.14975939758
782.5184353795054,7.607959391100133,78251.84353795054,79012.63947706055,-1414.844026231789,-822.1487919534848
782.6600268122652,7.574904697118572,78266.00268122651,79023.49315093838,-1429.0031695077632,-833.002465831305
782.8430000021223,7.532355150574142,78284.30000021223,79037.53551526964,-1447.300488493478,-847.0448301625729
782.986297007261,7.499162894913616,78298.6297007261,79048.54599021746,-1461.6301890073519,-858.0553051103925
783.1284480885515,7.466349817161949,78312.84480885515,79059.47979057135,-1475.8452971364022,-868.9891054642794
783.2723655124238,7.433244642009423,78327.23655124239,79070.56101544332,-1490.2370395236358,-880.0703303362534
783.4352843434217,7.395909278121945,78343.52843434217,79083.11936215436,-1506.5289226234163,-892.6286770472943
783.5858792412683,7.3615312798036845,78358.58792412684,79094.74105210722,-1521.5884124080912,-904.2503670001461
783.7260483355166,7.3296484667887105,78372.60483355165,79105.56968023052,-1535.6053218329034,-915.0789951234474
783.873034166291,7.296334626090514,78387.30341662909,79116.93687923814,-1550.303904910339,-926.4461941310728
784.0385704410144,7.2589631625250375,78403.85704410143,79129.75336035393,-1566.8575323826808,-939.2626752468641
784.1931680796647,7.224201909577542,78419.31680796648,79141.73699892423,-1582.3172962477256,-951.2463138171588
784.332113223831,7.193076308749803,78433.2113223831,79152.51895325807,-1596.2118106643466,-962.0282681509998
784.4971558291287,7.156247738766428,78449.71558291288,79165.34035678951,-1612.716071194125,-974.8496716824448
784.629141622301,7.126907784333594,78462.9141622301,79175.60494066346,-1625.9146505113458,-985.1142555563856
784.7807211901296,7.093335384314046,78478.07211901296,79187.40565744435,-1641.0726072942052,-996.914972337283
784.9872192125392,7.04781180207444,78498.72192125392,79203.50310146136,-1661.7224095351703,-1013.0124163542932
785.1274916698994,7.017028001330843,78512.74916698995,79214.45196712304,-1675.7496552711964,-1023.9612820159673
785.2463674909127,6.991028696689187,78524.63674909127,79223.73961876018,-1687.6372373725171,-1033.2489336531144
785.4076063933879,6.955894675213946,78540.7606393388,79236.35010686019,-1703.7611276200478,-1045.8594217531208
785.5379772496808,6.927596860271484,78553.79772496808,79246.55741099523,-1716.7982132493344,-1056.0667258881585
785.7145843700114,6.889420425773981,78571.45843700114,79260.40047957854,-1734.4589252823935,-1069.909794471474
785.8792303783905,6.853992881547603,78587.92303783905,79273.32232599381,-1750.9235261202994,-1082.8316408867395
786.0491442245232,6.8175974281433405,78604.91442245232,79286.67416526665,-1767.9149107335688,-1096.1834801595833
786.2108793976611,6.783110429168549,78621.0879397661,79299.39898268296,-1784.0884280473547,-1108.9082975758938
786.344175206738,6.754802627492403,78634.4175206738,79309.89778342305,-1797.41800895505,-1119.4070983159763
786.4865627920256,6.724679061044273,78648.65627920255,79321.12418530698,-1811.6567674838006,-1130.6335001999105
786.6496245421342,6.690327905477784,78664.96245421343,79333.9952447612,-1827.962942494676,-1143.5045596541313
786.809674222664,6.6567634302730685,78680.96742226639,79346.6437652937,-1843.967910547639,-1156.153080186632
786.965308631944,6.624269740655536,78696.5308631944,79358.95783725996,-1859.5313514756563,-1168.4671521528944
787.1136251198708,6.593437072290578,78711.36251198708,79370.70621921614,-1874.3630002683349,-1180.2155341090693
787.2875726310187,6.5574420487077685,78728.75726310187,79384.50146797264,-1891.7577513831202,-1194.0107828655746
787.4490677007358,6.524184497902249,78744.90677007358,79397.32521986381,-1907.907258354826,-1206.8345347567374
787.6074386822866,6.491720069711927,78760.74386822866,79409.91587519985,-1923.7443565099093,-1219.4251900927775
787.7692906777496,6.458661261830017,78776.92906777497,79422.79519395797,-1939.9295560562168,-1232.3045088508952
787.9532383759966,6.421214816820647,78795.32383759966,79437.44531928172,-1958.3243258809089,-1246.9546341746463
788.1073240079265,6.389950986579735,78810.73240079265,79449.72749945063,-1973.7328890739009,-1259.2368143435597
788.2831354218434,6.354395257125919,78828.31354218435,79463.75306789693,-1991.3140304655972,-1273.2623827898642
788.4662798140685,6.317489323890525,78846.62798140684,79478.37691379589,-2009.6284696880903,-1287.886228688818
788.6449149785985,6.281623686813316,78864.49149785985,79492.65386654118,-2027.4919861411036,-1302.163181434109
788.7974690610199,6.251098214873469,78879.746906102,79504.85672758934,-2042.7473943832447,-1314.3660424822738
788.9644356695522,6.21779918872244,78896.44356695522,79518.22348582746,-2059.4440552364686,-1327.7328007203905
789.1175583731498,6.187363210969812,78911.75583731498,79530.49215841196,-2074.7563255962305,-1340.0014733048883
789.278924164394,6.155395223565936,78927.8924164394,79543.43193879598,-2090.8929047206475,-1352.941253688914
789.4683544637459,6.118007847851837,78946.83544637459,79558.63623115978,-2109.8359346558427,-1368.1455460527068
789.6757081929936,6.077258274164154,78967.57081929936,79575.29664671578,-2130.5713075806125,-1384.805961608712
789.8645379423924,6.040309830707022,78986.45379423923,79590.48477730993,-2149.4542825204844,-1399.9940922028618
790.055744968109,6.003053697827862,79005.5744968109,79605.87986659369,-2168.5749850921566,-1415.389181486622
790.2230628396106,5.970583314842939,79022.30628396106,79619.36461544536,-2185.3067722423148,-1428.87393033829
790.3916964622521,5.937982252240052,79039.1696462252,79632.9678714492,-2202.1701345064503,-1442.4771863421338
790.542837627226,5.908869995200071,79054.28376272261,79645.17076224262,-2217.284251003861,-1454.6800771355483
790.7195223522057,5.874966851394818,79071.95223522057,79659.44892036005,-2234.9527235018177,-1468.9582352529833
790.9105514294919,5.838469082668878,79091.05514294919,79674.90205121608,-2254.0556312304398,-1484.4113661090087
791.0743930526622,5.807297320890859,79107.43930526622,79688.1690373553,-2270.43979354747,-1497.6783522482292
791.2357769250787,5.7767128036990805,79123.57769250787,79701.24897287777,-2286.578180789118,-1510.7582877707027
791.3863248786321,5.7482895874696345,79138.63248786321,79713.46144661018,-2301.632976144465,-1522.9707615031075
791.5891005604925,5.7101713781584005,79158.91005604925,79729.92719386509,-2321.9105443305016,-1539.4365087580227
791.7841864565631,5.673679347655347,79178.41864565632,79745.78658042186,-2341.4191339375684,-1555.29589531479
791.9815135237064,5.636949731074269,79198.15135237064,79761.84632547807,-2361.151840651888,-1571.3556403709954
792.1372357446303,5.60809416036504,79213.72357446303,79774.53299049953,-2376.7240627442807,-1584.0423053924605
792.3433087216864,5.570085965757057,79234.33087216865,79791.33946874435,-2397.331360449898,-1600.8487836372806
792.526679285928,5.536436189742876,79252.6679285928,79806.31154756708,-2415.6684168740467,-1615.8208624600084
792.7028058010411,5.504268628278927,79270.28058010411,79820.707442932,-2433.2810683853604,-1630.2167578249355
792.8719033360871,5.4735267417435685,79287.19033360871,79834.54300778307,-2450.1908218899625,-1644.0523226759979
793.039933102882,5.443117583107628,79303.99331028819,79848.30506859896,-2466.9937985694414,-1657.8143834918883
793.2721174541397,5.401327070438175,79327.21174541397,79867.34445245778,-2490.212233695216,-1676.853767350709
793.4548978784117,5.368616995003493,79345.48978784117,79882.35148734153,-2508.490276122422,-1691.860802234456
793.6361123766485,5.336352129836577,79363.61123766485,79897.24645064851,-2526.6117259461025,-1706.755765541442
793.8052068864214,5.306394335868956,79380.52068864214,79911.16012222903,-2543.5211769233865,-1720.6694371219637
793.9686877244319,5.277568842627671,79396.8687724432,79924.62565670596,-2559.8692607244448,-1734.1349715988908
794.1664021877265,5.2428892664463,79416.64021877265,79940.92914541728,-2579.640707053899,-1750.438460310208
794.4485112285918,5.1937545626942745,79444.85112285918,79964.2265791286,-2607.8516111404315,-1773.7358940215345
794.6527891270421,5.158433101689613,79465.2789127042,79981.12222287316,-2628.279400985455,-1790.631537766094
794.8437561766186,5.125610370124285,79484.37561766186,79996.9366546743,-2647.3761059431126,-1806.4459695672267
795.0438694260813,5.091421499448384,79504.38694260814,80013.52909255297,-2667.3874308893865,-1823.0384074458998
795.2778582562381,5.051714246298197,79527.78582562381,80032.95725025363,-2690.7863139050605,-1842.466565146562
795.4572819797775,5.021464522144239,79545.72819797775,80047.87465019217,-2708.728686258997,-1857.3839650851005
795.6659734620114,4.986498185183616,79566.59734620113,80065.24716471949,-2729.5978344823816,-1874.7564796124207
795.8608075038716,4.954066451469309,79586.08075038716,80081.48739553409,-2749.081238668412,-1890.9967104270181
796.0699505983308,4.919483130393729,79606.99505983308,80098.94337287245,-2769.995548114326,-1908.4526877653843
796.2982370182115,4.882008444214607,79629.82370182115,80118.02454624261,-2792.824190102401,-1927.53386113554
796.534148206731,4.843585003035342,79653.41482067309,80137.77332097663,-2816.4153089543397,-1947.2826358695602
796.7826878197183,4.803440438367032,79678.26878197183,80158.61282580852,-2841.2692702530767,-1968.1221407014527
796.9800479295639,4.7718096990646295,79698.00479295639,80175.18576286285,-2861.005281237638,-1984.6950777557795
797.1745557010693,4.740851739026747,79717.45557010693,80191.5407440096,-2880.456058388183,-2001.0500589025323
797.368000670611,4.71023771072702,79736.80006706109,80207.8238381338,-2899.8005553423427,-2017.3331530267315
797.6055287476973,4.672823108051689,79760.55287476974,80227.8351855749,-2923.553363050989,-2037.344500467836
797.7912123941462,4.6437110326811775,79779.12123941463,80243.49234268274,-2942.121727695878,-2053.0016575756745
798.0322222720234,4.606104687015727,79803.22222720235,80263.83269590393,-2966.2227154836,-2073.342010796856
798.2528174356595,4.571863661337553,79825.28174356595,80282.46810969971,-2988.2822318472026,-2091.9774245926383
798.4889325494468,4.535406036054909,79848.89325494468,80302.43385855017,-3011.8937432259263,-2111.943173443098
798.7454375515091,4.496027877975975,79874.54375515091,80324.14654294851,-3037.5442434321594,-2133.6558578414406
798.989799975211,4.458736782302073,79898.97999752109,80344.85367575129,-3061.9804858023417,-2154.362990644222
799.2742018115413,4.415612418232367,79927.42018115413,80368.98142297736,-3090.420669435378,-2178.490737870292
799.520949976501,4.378441545581864,79952.0949976501,80389.93915220829,-3115.0954859313497,-2199.448467101218
799.7578315697164,4.342972545404968,79975.78315697164,80410.08041151213,-3138.7836452528863,-2219.589726405058
799.9813639194737,4.309697869088489,79998.13639194737,80429.10617885622,-3161.136880228616,-2238.615493749152
800.2507681324912,4.269849531518488,80025.07681324912,80452.06176640098,-3188.077301530371,-2261.571081293907
800.4442220038096,4.24140857181815,80044.42220038096,80468.56305756277,-3207.4226886622055,-2278.072372455703
800.7127701583701,4.202170017599483,80071.27701583701,80491.49401759695,-3234.2775041182613,-2301.003332489883
800.9966037179647,4.161007530564038,80099.66037179648,80515.76112485288,-3262.6608600777254,-2325.2704397458147
801.2792998724198,4.120329555795214,80127.92998724198,80539.9629428215,-3290.9304755232297,-2349.4722577144275
801.4991035731978,4.0889239753374405,80149.91035731978,80558.80275485352,-3312.910845601029,-2368.3120697464474
801.7143477207236,4.058360325258096,80171.43477207236,80577.27080459817,-3334.43526035361,-2386.780119491101
802.006507731006,4.017179271751128,80200.6507731006,80602.3687002757,-3363.6512613818486,-2411.878015168637
802.3065217076942,3.9752595220853753,80230.65217076942,80628.17812297796,-3393.652659050669,-2437.687437870889
802.5779079046007,3.9376647679577315,80257.79079046007,80651.55726725585,-3420.7912787413225,-2461.0665821487783
802.8024947706415,3.906788753366645,80280.24947706415,80670.92835240082,-3443.2499653453997,-2480.4376672937506
803.0512155392224,3.872846172849983,80305.12155392225,80692.40617120724,-3468.1220422034967,-2501.9154861001734
803.3260269103582,3.835652984386137,80332.60269103582,80716.16798947443,-3495.6031793170696,-2525.67730436736
803.5925981946891,3.799888841492365,80359.2598194689,80739.24870361814,-3522.2603077501553,-2548.758018511071
803.8353694961766,3.7675891698080393,80383.53694961766,80760.29586659846,-3546.5374378989072,-2569.8051814913924
804.1431980350895,3.7270094487407484,80414.31980350896,80787.02074838303,-3577.320291790209,-2596.530063275961
804.4288659674904,3.6897303570998075,80442.88659674904,80811.85963245902,-3605.887085030292,-2621.368947351948
804.7140102226555,3.652887401570259,80471.40102226555,80836.68976242257,-3634.401510546799,-2646.1990773154976
805.0537370872707,3.6094765933559256,80505.37370872707,80866.32136806266,-3668.374197008321,-2675.830682955595
805.322113188733,3.5755594342555566,80532.2113188733,80889.76726229886,-3695.2118071545556,-2699.276577191791
805.6036787282244,3.5403360146350535,80560.36787282243,80914.40147428594,-3723.368361103683,-2723.9107891788735
805.9374603991553,3.499063423449786,80593.74603991552,80943.65238226051,-3756.7465281967743,-2753.1616971534386
806.2844320064362,3.456721152067444,80628.44320064363,80974.11531585037,-3791.4436889248755,-2783.624630743303
806.6317299704887,3.4149183755081665,80663.17299704887,81004.66483459968,-3826.173485330117,-2814.17414949261
806.932027978844,3.379227851793474,80693.2027978844,81031.12558306374,-3856.203286165648,-2840.6348979566683
807.2572527431267,3.3409249095597624,80725.72527431267,81059.81776526864,-3888.7257625939237,-2869.3270801615727
807.545346067108,3.307280237893049,80754.5346067108,81085.2626305001,-3917.535094992054,-2894.771945393033
807.9013774502116,3.2660717617927353,80790.13774502116,81116.74492120043,-3953.1382333024085,-2926.2542360933585
808.2087451901876,3.2308251723008063,80820.87451901876,81143.95703624884,-3983.875007300012,-2953.466351141775
808.5098068963382,3.19659771383752,80850.98068963383,81170.64046101758,-4013.981177915077,-2980.1497759105114
808.8628498012068,3.156833884193721,80886.28498012069,81201.96836854007,-4049.2854684019403,-3011.477683432997
809.194478356788,3.1198492223549823,80919.4478356788,81231.4327579143,-4082.448323960052,-3040.942072807229
809.514841005145,3.0844589591341753,80951.4841005145,81259.92999642792,-4114.484588795749,-3069.43931132085
809.9100599665459,3.0412571919846885,80991.00599665458,81295.13171585304,-4154.006484935831,-3104.6410307459737
810.2970107501139,2.999449427902077,81029.7010750114,81329.64601780161,-4192.701563292649,-3139.155332694543
810.6829344450564,2.9582359750124914,81068.29344450565,81364.1170420069,-4231.293932786895,-3173.6263568998256
811.0365470592648,2.920897059632799,81103.65470592647,81395.74441188975,-4266.65519420772,-3205.2537267826847
811.458116706439,2.8769124758963502,81145.8116706439,81433.50291823354,-4308.812158925153,-3243.012233126472
811.8955205435363,2.8318856173047537,81189.55205435364,81472.74061608412,-4352.55254263489,-3282.24993097705
812.3593632159332,2.7848159847300145,81235.93632159331,81514.41792006632,-4398.936809874562,-3323.92723495925
812.8383986660915,2.736938567539826,81283.83986660915,81557.53372336313,-4446.8403548904025,-3367.043038256059
813.1888362998044,2.7023865250988908,81318.88362998044,81589.12228249032,-4481.884118261689,-3398.6315973832534
813.7065883299592,2.6520690907811986,81370.65883299592,81635.86574207403,-4533.6593212771695,-3445.3750569669646
814.2515881348496,2.600046454948588,81425.15881348496,81685.16345897982,-4588.159301766209,-3494.6727738727495
814.7489387109013,2.553416637328764,81474.89387109013,81730.235534823,-4637.8943593713775,-3539.744849715935
815.2174629341847,2.510227143238595,81521.74629341847,81772.76900774233,-4684.746781699723,-3582.278322635262
815.7594711021359,2.461157167686139,81575.94711021359,81822.0628269822,-4738.947598494837,-3631.5721418751345
816.3394605341543,2.4097108283910385,81633.94605341544,81874.91713625455,-4796.946541696685,-3684.4264511474757
816.939764406424,2.3574700974980813,81693.97644064241,81929.72345039222,-4856.976928923657,-3739.2327652851527
817.461889798287,2.312702069061414,81746.1889798287,81977.45918673484,-4909.189468109951,-3786.9685016277654
818.0080335022218,2.2665468697530495,81800.80335022218,82027.45803719749,-4963.803838503431,-3836.967352090418
818.5424616900254,2.222053915358039,81854.24616900255,82076.45156053835,-5017.246657283802,-3885.9608754312794
819.2014438520806,2.1681168163342566,81920.14438520806,82136.95606684148,-5083.144873489306,-3946.465381734408
819.9679467113143,2.106680663709494,81996.79467113143,82207.46273750238,-5159.795159412679,-4016.9720523953147
820.6259426160625,2.055072226892887,82062.59426160625,82268.10148429555,-5225.594749887503,-4077.6107991884783
821.4038371502362,1.9954253469114742,82140.38371502362,82339.92624971477,-5303.384203304871,-4149.435564607702
822.2164151730925,1.9347203421703496,82221.64151730925,82415.11355152629,-5384.642005590504,-4224.622866419217
822.9355211262861,1.8823817268794356,82293.5521126286,82481.79028531654,-5456.552600909854,-4291.299600209473
823.7329270688564,1.8258837217073034,82373.29270688564,82555.88107905637,-5536.293195166887,-4365.390393949303
824.7512790031866,1.7561196339249026,82475.12790031866,82650.73986371116,-5638.128388599915,-4460.249178604092
825.5250444878671,1.7049289079834224,82552.50444878671,82722.99733958505,-5715.504937067963,-4532.506654477984
826.7022735827177,1.6298828047879659,82670.22735827178,82833.21563875057,-5833.227846553025,-4642.724953643497
827.8035400754685,1.5620265419834818,82780.35400754685,82936.5566617452,-5943.354495828098,-4746.065976638129
828.773974213839,1.5040554821765468,82877.3974213839,83027.80296960154,-6040.397909665146,-4837.312284494474
830.4790203269367,1.4063850595189262,83047.90203269367,83188.54053864557,-6210.902520974923,-4998.049853538498
831.6710129758778,1.3413072025158839,83167.10129758778,83301.23201783937,-6330.101785869032,-5110.741332732301
833.2058946493283,1.261441094420177,83320.58946493284,83446.73357437486,-6483.58995321409,-5256.242889267785
835.2257488849876,1.1631765371890896,83522.57488849877,83638.89254221768,-6685.57537678002,-5448.4018571106135
837.4154804940229,1.0644233798020528,83741.54804940229,83847.9903873825,-6904.548537683542,-5657.499702275425
841.194479579253,0.9089868455349487,84119.4479579253,84210.34664247879,-7282.448446206545,-6019.855957371721
845.3295303841851,0.7626393179738352,84532.9530384185,84609.21697021589,-7695.9535266997555,-6418.726285108816
852.1480280183507,0.5659523566287085,85214.80280183507,85271.39803749794,-8377.803290116324,-7080.907352390874
