spot,moneyness,american_put_price,std_error,intrinsic_value,binomial_price,bermudan_price,lsmc_minus_binomial,lsmc_minus_bermudan,discretisation_error
461.02199707031247,0.6155166850070928,287.97800292968753,0.010096938907090163,287.97800292968753,287.97800292968753,287.97800292968753,0.0,0.0,0.0
470.6266220092773,0.6283399492780738,278.3733779907227,0.010306390633672082,278.3733779907227,278.3733779907227,278.3733779907227,0.0,0.0,0.0
480.2312469482422,0.641163213549055,268.7687530517578,0.01051870141667432,268.7687530517578,268.7687530517578,268.7687530517578,0.0,0.0,0.0
489.835871887207,0.653986477820036,259.164128112793,0.010730058415090067,259.164128112793,259.164128112793,259.164128112793,0.0,0.0,0.0
499.4404968261719,0.6668097420910173,249.5595031738281,0.010941121659039117,249.5595031738281,249.5595031738281,249.5595031738281,0.0,0.0,0.0
509.0451217651367,0.6796330063619982,239.95487823486332,0.011150585995178847,239.95487823486332,239.95487823486332,239.95487823486332,0.0,0.0,0.0
518.6497467041015,0.6924562706329793,230.35025329589848,0.011363302848544818,230.35025329589848,230.35025329589848,230.35025329589848,0.0,0.0,0.0
528.2543716430664,0.7052795349039604,220.7456283569336,0.011572054415711509,220.7456283569336,220.7456283569336,220.7456283569336,0.0,0.0,0.0
537.8589965820312,0.7181027991749415,211.14100341796882,0.011786110759796518,211.14100341796882,211.14100341796882,211.14100341796882,0.0,0.0,0.0
547.4636215209961,0.7309260634459227,201.53637847900393,0.01201893758803341,201.53637847900393,201.53637847900393,201.53637847900393,0.0,0.0,0.0
557.068246459961,0.7437493277169038,191.93175354003904,0.012209999855992361,191.93175354003904,191.93175354003904,191.93175354003904,0.0,0.0,0.0
566.6728713989257,0.7565725919878848,182.32712860107426,0.012420907522387281,182.32712860107426,182.32712860107426,182.32712860107426,0.0,0.0,0.0
576.2774963378906,0.769395856258866,172.72250366210938,0.012634999086505307,172.72250366210938,172.72250366210938,172.72250366210938,0.0,0.0,0.0
585.8821212768554,0.782219120529847,163.1178787231446,0.012870060344115839,163.1178787231446,163.1178787231446,163.1178787231446,0.0,0.0,0.0
595.4867462158203,0.7950423848008281,153.5132537841797,0.013047509853498554,153.5132537841797,153.5132537841797,153.5132537841797,0.0,0.0,0.0
605.0913711547852,0.8078656490718094,143.90862884521482,0.013272710503971899,143.90862884521482,143.90862884521482,143.90862884521482,0.0,0.0,0.0
614.69599609375,0.8206889133427904,134.30400390625005,0.013484300232328276,134.30400390625005,134.30400390625005,134.30400390625005,0.0,0.0,0.0
624.3006210327148,0.8335121776137715,124.69937896728516,0.013763367244253623,124.69937896728516,124.69937896728516,124.69937896728516,0.0,0.0,0.0
633.9052459716796,0.8463354418847525,115.09475402832038,0.013908944249323237,115.09475402832038,115.09475402832038,115.09475402832038,0.0,0.0,0.0
643.5098709106445,0.8591587061557336,105.49012908935549,0.014904919115290157,105.49012908935549,105.49012908935549,105.49012908935549,0.0,0.0,0.0
653.1144958496094,0.8719819704267148,95.8855041503906,0.016274827675481992,95.8855041503906,95.8855041503906,95.8855041503906,0.0,0.0,0.0
662.7191207885742,0.8848052346976958,86.28087921142583,0.021708324587288098,86.28087921142583,86.28087921142583,86.28087921142583,0.0,0.0,0.0
672.3237457275391,0.897628498968677,76.80461155794642,0.039886090938086476,76.67625427246094,76.78703980571368,76.77069002920206,0.017571752232740323,0.03392152874435794,0.01634977651161762
681.9283706665038,0.910451763239658,67.70597366664005,0.052620078673324064,67.07162933349616,67.63398447143419,67.61865031113739,0.07198919520585889,0.08732335550266157,0.015334160296802679
691.5329956054687,0.9232750275106392,58.89866278166974,0.05784385559864758,57.46700439453127,58.895765820083625,58.881189059527934,0.002896961586117186,0.017473722141808423,0.014576760555691237
701.1376205444336,0.9360982917816203,50.68268844795692,0.06185116948335564,47.86237945556638,50.65445475986835,50.640632360080666,0.02823368808856941,0.04205608787625437,0.013822399787684958
710.7422454833984,0.9489215560526013,42.92577399575781,0.06319384736571905,38.25775451660161,42.981846353705365,42.968958522746014,-0.056072357947556384,-0.04318452698820607,0.01288783095935031
720.3468704223633,0.9617448203235824,35.9073601298537,0.06276019319379057,28.65312957763672,35.956374571773296,35.94476054585448,-0.0490144419195957,-0.03740041600077859,0.011614025918817106
729.951495361328,0.9745680845945635,29.560562384482903,0.06004459605525197,19.048504638671943,29.624786321723406,29.614190612810283,-0.06422393724050224,-0.0536282283273799,0.010595708913122337
739.556120300293,0.9873913488655447,23.96487525413774,0.05664979157409227,9.443879699707054,24.021085916989293,24.01169397839802,-0.05621066285155152,-0.04681872426028022,0.009391938591271298
749.1607452392577,1.0002146131365257,19.124541014415136,0.052861471433666964,0.0,19.158991451127886,19.151025648187634,-0.034450436712749166,-0.026484633772497546,0.00796580294025162
758.7653701782226,1.0130378774075068,14.985002586616455,0.047792483674799296,0.0,15.02558290229699,15.018914102624594,-0.04058031568053444,-0.03391151600813913,0.006668799672395309
768.3699951171875,1.025861141678488,11.525075245315174,0.042237932308317364,0.0,11.580432441193393,11.574924998279831,-0.0553571958782193,-0.04984975296465777,0.005507442913561533
777.9746200561523,1.038684405949469,8.726835480789093,0.037934557124387085,0.0,8.76859562331588,8.764142102960482,-0.041760142526786836,-0.03730662217138914,0.0044535203553977
787.5792449951172,1.0515076702204502,6.497489231909534,0.03280839194821607,0.0,6.521722943514676,6.518199540007707,-0.02423371160514165,-0.02071030809817298,0.0035234035069686698
797.1838699340819,1.0643309344914311,4.739374675269226,0.027867300791520735,0.0,4.7638962484739755,4.761169285603921,-0.02452157320474946,-0.021794610334694653,0.0027269628700548054
806.7884948730467,1.0771541987624123,3.3962408338143764,0.023189966644678144,0.0,3.417291446016957,3.415209104546643,-0.02105061220258042,-0.01896827073226648,0.002082341470313942
816.3931198120117,1.0899774630333934,2.4050066614122825,0.019710875749394657,0.0,2.4078664752432966,2.4062419628631284,-0.0028598138310140797,-0.0012353014508459381,0.0016245123801681416
825.9977447509765,1.1028007273043745,1.674438097358814,0.016566795084516393,0.0,1.6678293462882494,1.6666634925975368,0.006608751070564578,0.007774604761277226,0.0011658536907126482
835.6023696899414,1.1156239915753556,1.1457230787862522,0.013419059547632886,0.0,1.1347154882297599,1.133912783268333,0.011007590556492364,0.011810295517919345,0.000802704961426981
845.2069946289062,1.1284472558463368,0.766599790838242,0.010722943549583993,0.0,0.7580895287674011,0.7575390991376685,0.008510262070840935,0.009060691700573553,0.0005504296297326183
854.8116195678709,1.1412705201173177,0.5030018467478288,0.008334070505040177,0.0,0.49793407384250926,0.49753321380966753,0.005067772905319512,0.005468632938161244,0.0004008600328417322
864.4162445068359,1.154093784388299,0.3261396212097595,0.006631950544874213,0.0,0.32189646645264114,0.32164068252441574,0.004243154757118339,0.004498938685343734,0.00025578392822539486
874.0208694458007,1.16691704865928,0.20774550883180404,0.005141098693031601,0.0,0.20421479357839875,0.20404712534072003,0.0035307152534052866,0.0036983834910840063,0.00016766823767871974
883.6254943847656,1.179740312930261,0.12900356272495495,0.0039875691694350075,0.0,0.12779241385950516,0.12768155865355896,0.0012111488654497904,0.001322004071395988,0.00011085520594619758
893.2301193237305,1.1925635772012424,0.07775567939563297,0.003053689129870639,0.0,0.07850199251328799,0.07843418446958546,-0.0007463131176550231,-0.0006785050739524928,6.780804370253024e-05
902.8347442626952,1.205386841472223,0.04825321797064799,0.0024813102515454976,0.0,0.04758803756764426,0.04754450510772303,0.0006651804030037289,0.0007087128629249539,4.353245992122501e-05
912.4393692016602,1.2182101057432044,0.02935389437519412,0.0018325552821262595,0.0,0.028306946981277028,0.028280493073164874,0.0010469473939170929,0.001073401302029247,2.6453908112154118e-05
922.0439941406249,1.2310333700141856,0.01746615001521791,0.0014047871868830507,0.0,0.016664696473534583,0.016649120946953595,0.0008014535416833272,0.0008170290682643147,1.557552658098746e-05
931.6486190795898,1.2438566342851667,0.01015972106369132,0.0011023372205206906,0.0,0.00963680245989782,0.00962699529229072,0.0005229186037935003,0.0005327257714005992,9.807167607098904e-06
941.2532440185547,1.2566798985561478,0.005051076090692298,0.0006942631438869026,0.0,0.005492474739200255,0.005487138989656876,-0.0004413986485079565,-0.0004360628989645782,5.3357495433782945e-06
950.8578689575194,1.2695031628271287,0.0032437037064599996,0.0006399516068394017,0.0,0.003096451045433568,0.0030933811398725355,0.00014725266102643157,0.00015032256658746405,3.0699055610324856e-06
960.4624938964844,1.28232642709811,0.0018404187570049836,0.0005098210934919303,0.0,0.0017183574933235623,0.001716534292271702,0.00012206126368142123,0.00012388446473328148,1.8232010518602453e-06
970.0671188354492,1.295149691369091,0.0010477256892105415,0.0003663253859334713,0.0,0.0009391534254819037,0.0009381008785264746,0.00010857226372863781,0.00010962481068406687,1.0525469554290576e-06
979.671743774414,1.307972955640072,0.0006339316322715892,0.00028029905248296526,0.0,0.0005075835544069576,0.0005070551630481655,0.0001263480778646316,0.00012687646922342362,5.283913587920182e-07
989.2763687133788,1.3207962199110532,0.0003583405599088813,0.00020547871910716017,0.0,0.0002715261155094789,0.0002712431839285879,8.681444439940242e-05,8.70973759802934e-05,2.8293158089098217e-07
998.8809936523436,1.3336194841820341,0.0001756104092360299,0.00012102010987552441,0.0,0.00014335326780751725,0.00014320028365352074,3.2257141428512645e-05,3.241012558250915e-05,1.529841539965051e-07
1008.4856185913086,1.3464427484530155,8.42404505746221e-05,7.811726989699952e-05,0.0,7.47391888188328e-05,7.465712642107597e-05,9.501261755789288e-06,9.58332415354612e-06,8.206239775683272e-08
1018.0902435302734,1.3592660127239964,4.314668791400142e-05,4.314668791400142e-05,0.0,3.8502693417790565e-05,3.8459212531327476e-05,4.643994496210856e-06,4.687475382673945e-06,4.3480886463089007e-08
1027.6948684692381,1.3720892769949775,8.437411634232902e-06,8.4374116342329e-06,0.0,1.960996216249225e-05,1.9587312013809108e-05,-1.1172550528259347e-05,-1.1149900379576206e-05,2.2650148683141193e-08
1037.299493408203,1.3849125412659586,0.0,0.0,0.0,9.879115959287179e-06,9.867534333076055e-06,-9.879115959287179e-06,-9.867534333076055e-06,1.1581626211123886e-08
1046.904118347168,1.3977358055369398,0.0,0.0,0.0,4.924760517158916e-06,4.918947991766482e-06,-4.924760517158916e-06,-4.918947991766482e-06,5.8125253924333535e-09
1056.5087432861328,1.410559069807921,0.0,0.0,0.0,2.4299214497308022e-06,2.4270572323652053e-06,-2.4299214497308022e-06,-2.4270572323652053e-06,2.8642173655969014e-09
1066.1133682250977,1.4233823340789022,0.0,0.0,0.0,1.1868311134568937e-06,1.1854440003069565e-06,-1.1868311134568937e-06,-1.1854440003069565e-06,1.387113149937164e-09
1075.7179931640624,1.436205598349883,0.0,0.0,0.0,5.737945037323788e-07,5.73131240910368e-07,-5.737945037323788e-07,-5.73131240910368e-07,6.632628220107286e-10
